ID#,Balance,Qual_miles,cc1_miles,cc2_miles,cc3_miles,Bonus_miles,Bonus_trans,Flight_miles_12mo,Flight_trans_12,Days_since_enroll,Award?
-1.6248390744292225,5.244607012856073,-0.1862986868645555,2.135820738892084,-0.0982418870817467,-0.062766579842471,7.354999841129026,1.4993944664488523,1.2785004652607863,2.274477518617254,1.7112117466006305,1.303918159177905
-1.6032988486372122,8.503201846742101,-0.1862986868645555,2.135820738892084,-0.0982418870817467,-0.062766579842471,8.039571465687024,0.6662875893320425,1.2785004652607863,1.2198193631891996,1.70540026050965,1.303918159177905
-1.568834487369995,0.495366758470482,-0.1862986868645555,2.135820738892084,-0.0982418870817467,-0.062766579842471,9.25126862463488,2.0200862646468587,0.0285309024477639,0.1651612077611451,1.6409896230012813,1.303918159177905
