ID#,Balance,Qual_miles,cc1_miles,cc2_miles,cc3_miles,Bonus_miles,Bonus_trans,Flight_miles_12mo,Flight_trans_12,Days_since_enroll,Award?
-1.716169631787347,-0.5261583505351302,-0.1862986868645555,-0.7695784055349739,-0.0982418870817467,-0.062766579842471,-0.5671225648245539,-0.0626809281451664,2.1356224511897164,2.538142057474268,1.3392766367778706,-0.7669192985474492
-1.6920445789002954,0.3427413878238676,-0.1862986868645555,-0.7695784055349739,-0.0982418870817467,-0.062766579842471,-0.4462841400190226,-0.687511085982774,4.219857413640231,0.956154824332186,1.3199050164746018,-0.7669192985474492
-1.6170845931440987,1.8447500991349504,2.109559135464819,-0.7695784055349739,-0.0982418870817467,-0.062766579842471,0.0839472483325956,1.4993944664488523,4.794129144212614,5.702116523758432,1.2613058650572138,1.303918159177905
