ID#,Balance,Qual_miles,cc1_miles,cc2_miles,cc3_miles,Bonus_miles,Bonus_trans,Flight_miles_12mo,Flight_trans_12,Days_since_enroll,Award?
-1.7282321582308728,3.666042471571131,-0.1862986868645555,0.683121166678555,6.675366844640778,-0.062766579842471,-0.637397687132637,3.269746580322074,2.421329779832693,2.8018065963312813,1.3702712292631003,1.303918159177905
