ID#,Balance,Qual_miles,cc1_miles,cc2_miles,cc3_miles,Bonus_miles,Bonus_trans,Flight_miles_12mo,Flight_trans_12,Days_since_enroll,Award?
-1.716169631787347,-0.5261583505351302,-0.1862986868645555,-0.7695784055349739,-0.0982418870817467,-0.062766579842471,-0.5671225648245539,-0.0626809281451664,2.1356224511897164,2.538142057474268,1.3392766367778706,-0.7669192985474492
-1.6989374511537385,-0.1318769700539973,-0.1862986868645555,-0.7695784055349739,-0.0982418870817467,-0.062766579842471,-0.2958779854975389,1.4993944664488523,1.992768786868228,2.0108129797602405,1.7969311664425949,1.303918159177905
-1.6920445789002954,0.3427413878238676,-0.1862986868645555,-0.7695784055349739,-0.0982418870817467,-0.062766579842471,-0.4462841400190226,-0.687511085982774,4.219857413640231,0.956154824332186,1.3199050164746018,-0.7669192985474492
-1.6842900976151716,0.2135372978018719,-0.1862986868645555,0.683121166678555,-0.0982418870817467,-0.062766579842471,0.2502553751382891,1.1869793875300487,1.2427870491804145,1.4834839020462132,1.330075117133818,1.303918159177905
