ID#,Balance,Qual_miles,cc1_miles,cc2_miles,cc3_miles,Bonus_miles,Bonus_trans,Flight_miles_12mo,Flight_trans_12,Days_since_enroll,Award?
-1.679120443425089,-0.1953823830696475,-0.1862986868645555,0.683121166678555,-0.0982418870817467,-0.062766579842471,0.6883464292910358,3.4780232996012765,3.635585926565344,7.284103756900513,1.3111877873381308,1.303918159177905
-1.652410563442996,1.110999089397163,-0.1862986868645555,2.135820738892084,-0.0982418870817467,-0.062766579842471,3.880833010890768,2.853193141763669,1.7784882903859958,3.856464751759336,1.2879418429742082,1.303918159177905
-1.642071255062831,0.2285130234215962,1.3416877692127644,-0.7695784055349739,-0.0982418870817467,10.18227639117966,1.321609346400763,1.4993944664488523,1.3142138813411588,2.0108129797602405,1.2685702226709397,1.303918159177905
-1.6369016008727484,0.5021351116001387,-0.1862986868645555,2.135820738892084,-0.0982418870817467,-0.062766579842471,2.03682539671479,1.1869793875300487,3.123455539972808,2.274477518617254,1.73930059604037,-0.7669192985474492
-1.6291471195876246,1.3052865515955356,-0.1862986868645555,2.135820738892084,-0.0982418870817467,-0.062766579842471,4.5339319819696,3.4780232996012765,1.2785004652607863,2.274477518617254,1.7189603947219378,1.303918159177905
-1.623977465397542,1.384918905719239,-0.1862986868645555,1.4094709527853195,-0.0982418870817467,-0.062766579842471,1.6218004846513785,3.0614698610428714,3.38559201400274,3.329135674045309,1.7078217130475584,1.303918159177905
-1.6170845931440987,1.8447500991349504,2.109559135464819,-0.7695784055349739,-0.0982418870817467,-0.062766579842471,0.0839472483325956,1.4993944664488523,4.794129144212614,5.702116523758432,1.2613058650572138,1.303918159177905
-1.567972878338315,0.6895252051399899,0.7612597499414306,1.4094709527853195,-0.0982418870817467,-0.062766579842471,1.127555590870016,2.749054782124068,2.477042708918073,4.12012929061635,1.673921377516838,1.303918159177905
