ID#,Balance,Qual_miles,cc1_miles,cc2_miles,cc3_miles,Bonus_miles,Bonus_trans,Flight_miles_12mo,Flight_trans_12,Days_since_enroll,Award?
-1.7256473311358316,0.2274709749192297,-0.1862986868645555,2.135820738892084,-0.0982418870817467,-0.062766579842471,1.82045090404553,0.7704259489716437,-0.3286032583559569,-0.3621678699528822,1.3586482570811391,1.303918159177905
-1.72220089500911,-0.4476474390854022,-0.1862986868645555,1.4094709527853195,-0.0982418870817467,-0.062766579842471,1.337469907298816,0.3538725104132386,-0.3286032583559569,-0.3621678699528822,1.3528367709901583,1.303918159177905
-1.7213392859774297,-0.2154691084866934,-0.1862986868645555,1.4094709527853195,-0.0982418870817467,-0.062766579842471,1.3176338533297107,0.4580108700528399,-0.3286032583559569,-0.3621678699528822,1.3518681899749951,1.303918159177905
-1.7178928498507078,0.4661894004042198,-0.1862986868645555,2.135820738892084,-0.0982418870817467,-0.062766579842471,1.7262814119249754,1.1869793875300487,-0.1500361779540964,0.1651612077611451,1.3450881228688512,1.303918159177905
-1.6661963079498827,-0.241788276375036,-0.1862986868645555,1.4094709527853195,-0.0982418870817467,-0.062766579842471,0.8651730481805556,0.6662875893320425,-0.3286032583559569,-0.3621678699528822,1.7833710322303065,1.303918159177905
-1.6653346989182023,-0.3444250917224114,-0.1862986868645555,2.135820738892084,-0.0982418870817467,-0.062766579842471,2.478187950373924,0.4580108700528399,0.0685299284577806,-0.0985033310958685,1.7688423170028549,1.303918159177905
-1.6601650447281198,-0.3789417078293705,-0.1862986868645555,2.135820738892084,-0.0982418870817467,-0.062766579842471,1.7149346921180133,0.6662875893320425,0.3142382310907405,0.4288257466181587,1.3048920107395685,1.303918159177905
-1.6472409092529134,-0.4815785231767459,1.3416877692127644,2.135820738892084,-0.0982418870817467,-0.062766579842471,1.6588636752617112,0.2497341507736373,-0.3286032583559569,-0.3621678699528822,1.2743817087619205,1.303918159177905
-1.6429328640945111,-0.6933823244863268,-0.1862986868645555,2.135820738892084,-0.0982418870817467,-0.062766579842471,1.820078201570119,0.6662875893320425,-0.2214630101148406,0.1651612077611451,1.2792246138377374,1.303918159177905
