ID#,Balance,Qual_miles,cc1_miles,cc2_miles,cc3_miles,Bonus_miles,Bonus_trans,Flight_miles_12mo,Flight_trans_12,Days_since_enroll,Award?
-1.698075842122058,5.416584712832351,-0.1862986868645555,0.683121166678555,-0.0982418870817467,-0.062766579842471,-0.0884897636243036,0.2497341507736373,-0.3286032583559569,-0.3621678699528822,1.7920882613667777,1.303918159177905
-1.6722275711716457,4.731551951648061,-0.1862986868645555,0.683121166678555,-0.0982418870817467,-0.062766579842471,-0.1923495201055485,0.1455957911340361,-0.2928898422755848,-0.0985033310958685,1.7833710322303065,-0.7669192985474492
-1.658441826664759,5.318175637123148,-0.1862986868645555,0.683121166678555,-0.0982418870817467,-0.062766579842471,0.177122867185387,1.0828410278904474,0.528518727572973,1.747148440903227,1.3082820442926404,-0.7669192985474492
-1.6325935557143465,8.891727149781591,-0.1862986868645555,-0.7695784055349739,-0.0982418870817467,-0.062766579842471,-0.6064633816735103,-0.8957878052619765,0.3856650632514847,0.1651612077611451,1.7431749201010238,1.303918159177905
-1.585205058971923,2.767945526602969,-0.1862986868645555,0.683121166678555,-0.0982418870817467,-0.062766579842471,0.2731144602968405,-0.5833727263431728,0.3856650632514847,0.1651612077611451,1.6681098914258574,1.303918159177905
-1.582620231876882,3.752085905052252,-0.1862986868645555,1.4094709527853195,-0.0982418870817467,-0.062766579842471,1.0927700264983071,0.7704259489716437,0.3142382310907405,0.6924902854751723,1.673921377516838,1.303918159177905
-1.572280923496717,6.286804379294346,-0.1862986868645555,1.4094709527853195,-0.0982418870817467,-0.062766579842471,1.6576213336770074,2.9573315014032704,2.1356224511897164,2.8018065963312813,1.6487382711225886,1.303918159177905
