ID#,Balance,Qual_miles,cc1_miles,cc2_miles,cc3_miles,Bonus_miles,Bonus_trans,Flight_miles_12mo,Flight_trans_12,Days_since_enroll,Award?
-1.7170312408190274,1.1123090932287096,2.4301518944387404,-0.7695784055349739,-0.0982418870817467,-0.062766579842471,-0.1592204111801115,0.4580108700528399,0.957079720537438,2.0108129797602405,1.3450881228688512,1.303918159177905
-1.6963526240586972,2.1363351186400017,1.0637545305861793,-0.7695784055349739,-0.0982418870817467,-0.062766579842471,0.2673168662348891,0.2497341507736373,1.0999333848589263,0.6924902854751723,1.3392766367778706,1.303918159177905
-1.6739507892350065,0.1072582748319393,6.31733909699754,-0.0432286194282094,-0.0982418870817467,-0.062766579842471,-0.0707656903491949,0.4580108700528399,0.492805311492601,0.6924902854751723,1.7664208644649464,-0.7669192985474492
