ID#,Balance,Qual_miles,cc1_miles,cc2_miles,cc3_miles,Bonus_miles,Bonus_trans,Flight_miles_12mo,Flight_trans_12,Days_since_enroll,Award?
-1.698075842122058,5.416584712832351,-0.1862986868645555,0.683121166678555,-0.0982418870817467,-0.062766579842471,-0.0884897636243036,0.2497341507736373,-0.3286032583559569,-0.3621678699528822,1.7920882613667777,1.303918159177905
-1.68084366148845,2.8685180934885137,-0.1862986868645555,-0.7695784055349739,-0.0982418870817467,-0.062766579842471,0.4527984648311792,-0.3750960070639702,-0.3286032583559569,-0.3621678699528822,1.3155464019063663,-0.7669192985474492
-1.6722275711716457,4.731551951648061,-0.1862986868645555,0.683121166678555,-0.0982418870817467,-0.062766579842471,-0.1923495201055485,0.1455957911340361,-0.2928898422755848,-0.0985033310958685,1.7833710322303065,-0.7669192985474492
-1.658441826664759,5.318175637123148,-0.1862986868645555,0.683121166678555,-0.0982418870817467,-0.062766579842471,0.177122867185387,1.0828410278904474,0.528518727572973,1.747148440903227,1.3082820442926404,-0.7669192985474492
