ID#,Balance,Qual_miles,cc1_miles,cc2_miles,cc3_miles,Bonus_miles,Bonus_trans,Flight_miles_12mo,Flight_trans_12,Days_since_enroll,Award?
-1.642071255062831,0.2285130234215962,1.3416877692127644,-0.7695784055349739,-0.0982418870817467,10.18227639117966,1.321609346400763,1.4993944664488523,1.3142138813411588,2.0108129797602405,1.2685702226709397,1.303918159177905
