ID#,Balance,Qual_miles,cc1_miles,cc2_miles,cc3_miles,Bonus_miles,Bonus_trans,Flight_miles_12mo,Flight_trans_12,Days_since_enroll,Award?
-1.679120443425089,-0.1953823830696475,-0.1862986868645555,0.683121166678555,-0.0982418870817467,-0.062766579842471,0.6883464292910358,3.4780232996012765,3.635585926565344,7.284103756900513,1.3111877873381308,1.303918159177905
-1.652410563442996,1.110999089397163,-0.1862986868645555,2.135820738892084,-0.0982418870817467,-0.062766579842471,3.880833010890768,2.853193141763669,1.7784882903859958,3.856464751759336,1.2879418429742082,1.303918159177905
