ID#,Balance,Qual_miles,cc1_miles,cc2_miles,cc3_miles,Bonus_miles,Bonus_trans,Flight_miles_12mo,Flight_trans_12,Days_since_enroll,Award?
-0.0158153426307939,0.0003584848287774,-0.3727475590668742,0.0009629540712752,0.1459667261399878,0.3319228711018455,-0.001642529722832,-0.1697238104937659
-0.0158153426307941,0.0003580445166244,-0.3692031113339047,0.0009495430829792,0.1642563379184231,0.2512910151965289,-0.0013160321573761,-0.1091119377171532
