ID#,Balance,Qual_miles,cc1_miles,cc2_miles,cc3_miles,Bonus_miles,Bonus_trans,Flight_miles_12mo,Flight_trans_12,Days_since_enroll,Award?
-0.0158153426305477,-0.9866279186177802,-0.0006985515808074,-0.1622096582917481,-9.269605337180291e-06,-5.810907966571314e-06,-0.0016172347802031,2.488639082878991e-07
