ID#,Balance,Qual_miles,cc1_miles,cc2_miles,cc3_miles,Bonus_miles,Bonus_trans,Flight_miles_12mo,Flight_trans_12,Days_since_enroll,Award?
-0.0158153426307917,0.0003613610315138,-0.3942270887464131,0.0010383515774361,0.3880208001007948,-0.8237511268580979,0.0010933872117424,0.0407850767798049
