ID#,Balance,Qual_miles,cc1_miles,cc2_miles,cc3_miles,Bonus_miles,Bonus_trans,Flight_miles_12mo,Flight_trans_12,Days_since_enroll,Award?
-0.0158153426307926,0.0003599015231188,-0.3839467011974122,0.0010041969940762,0.1777759403782773,0.1694093602541408,-0.0016545361954517,-0.6186524340355064
