ID#,Balance,Qual_miles,cc1_miles,cc2_miles,cc3_miles,Bonus_miles,Bonus_trans,Flight_miles_12mo,Flight_trans_12,Days_since_enroll,Award?
-0.01581534263082,0.0003297002785623,-0.1790960389639017,0.0002916422014571,0.0869059305150793,0.1544212589268558,0.0006846279911502,0.3087673604049405
-0.0158153426308217,0.0003278036865828,-0.1682960756524216,0.0002569448658367,0.0903951998403222,0.1184371193261319,0.0007178679670287,0.2826424640590616
-0.0158153426308239,0.0003254215226917,-0.1497036539367311,0.0001882263492043,0.1056732510022632,0.1328585081823879,0.0009480689901155,0.3727987267263158
-0.0158153426308175,0.0003319859409685,-0.1931399206737496,0.0003387066830226,0.0763381544849966,0.1605336553900498,0.0007323618126456,0.3471918180090197
-0.0158153426308237,0.0003252953231212,-0.1538845642474995,0.000210258641521,0.0949905702908941,0.0938167366128302,0.0007279799073099,0.2577526309216997
-0.0158153426308254,0.0003238445794335,-0.1438490473934289,0.0001749382046783,0.1036308889214615,0.0659290743383205,0.0008504492226387,0.2676042156427579
