ID#,Balance,Qual_miles,cc1_miles,cc2_miles,cc3_miles,Bonus_miles,Bonus_trans,Flight_miles_12mo,Flight_trans_12,Days_since_enroll,Award?
-0.0158153426307645,-0.1614034295203305,0.0030281184128863,0.982346920878196,0.0001660975992586,0.0002051247233689,0.0792296586861366,-8.208567555313337e-05
