ID#,Balance,Qual_miles,cc1_miles,cc2_miles,cc3_miles,Bonus_miles,Bonus_trans,Flight_miles_12mo,Flight_trans_12,Days_since_enroll,Award?
-0.0158153426308381,-0.0076029864738148,0.0011164141163016,0.0562600091206503,-0.000415653579181,-0.0015422164943159,-0.9341198484653532,0.0027383645100741
